 id  |  user_id   |          session_id          | start_turn | end_turn |                                                                                                                                                                                             summary_snippet                                                                                                                                                                                             |     chunk_id     |          created_at           
-----+------------+------------------------------+------------+----------+---------------------------------------------------------------------------------------------------------------------------------------------------------------------------------------------------------------------------------------------------------------------------------------------------------------------------------------------------------------------------------------------------------+------------------+-------------------------------
  22 | hua        | tg_backfill_2026_01_29_02_07 |         -1 |       -1 | 在尝试调用 Gemini API 时遇到连接问题，决定暂时放弃，转而使用 OpenAI 模型。OpenAI 模型调用初期出现语法错误和接口版本不兼容问题，已调整代码并确认可用模型列表。用户提供了完整的记忆系统规范文档，明确了记忆存储、检索和模型调用规则。当前重点是升级记忆系统，确保用户与助手的对话能完整存储。经过多次调试，确认 PostgreSQL 数据库和 spaCy 已正确安装，数据库表结构已                                      | 2de03b4af84bcd73 | 2026-02-07 00:34:15.691076+08
  39 | 8555612162 | telegram_backfill_session    |         -1 |       -1 | 在尝试调用 Gemini API 时遇到连接问题，决定暂时放弃，转而使用 OpenAI 模型。OpenAI 模型调用初期出现语法错误和接口版本不兼容问题，经过调整后确认可用的模型列表。用户提供了详细的记忆系统规范文档，明确了记忆存储、检索和模型调用规则，并已保存为文档。记忆系统升级过程中，因 PostgreSQL 服务未运行及数据库连接信息错误导致插入失败。用户完成 PostgreSQL 和 sp                                              | 2de03b4af84bcd73 | 2026-02-07 23:48:38.029422+08
 285 | hua_liu    | tg_backfill_20260207         |         -1 |       -1 | 在尝试调用 Gemini API 时遇到连接问题，决定暂时放弃 Gemini，转而使用 OpenAI 模型。OpenAI 模型调用初期出现语法错误和接口不兼容问题，经过调整后确认可用模型列表。用户提供了完整的记忆系统规范文档，明确了记忆存储、检索和模型调用规则。当前记忆系统升级工作已完成，数据库 PostgreSQL 和 spaCy 环境安装成功，chat_turns 表结构正确，聊天记录已成功存                                                        | 2de03b4af84bcd73 | 2026-02-09 21:52:46.856629+08
 301 | hua_liu    | tg_backfill_20260209_1       |         -1 |       -1 | 在尝试调用 Gemini API 时遇到连接问题，决定暂时放弃使用 Gemini，转而使用 OpenAI 模型。OpenAI 模型调用初期出现语法错误和接口版本不兼容问题，经过调整后确认可调用的模型列表。用户提供了完整的记忆系统规范文档，明确了记忆存储、检索和模型调用规则。随后，团队着手升级记忆系统，完成了 PostgreSQL 和 spaCy 的安装配置。数据库连接和插入操作初期因用户名、表结构                                             | 2de03b4af84bcd73 | 2026-02-09 22:47:01.132385+08
  19 | hua        | tg_backfill_2026_01_29_02_07 |         -1 |       -1 | 聊天中主要讨论了Brave的两种付费选项“Data for Search”和“Data for AI”的区别及适用场景。助理建议优先选择“Data for Search”，因为CTF情报中心更依赖稳定高频的搜索能力来补洞和交叉验证，而AI能力助理本身已具备。Hua Liu确认已是Search最高级会员，助理将基于此设计CTF情报中心的工作流程，重点推进事件归并和事实/流言分栏等里程碑。关于朋友提到                                                                  | 4bb26d0b6e828afc | 2026-02-07 00:34:15.691076+08
  36 | 8555612162 | telegram_backfill_session    |         -1 |       -1 | 聊天中明确区分了Brave的两种付费选项：“Data for Search”适合大量、高频、精准的全网信息搜集和交叉验证，优先推荐用于CTF情报中心的情报补洞和多源印证；“Data for AI”则提升AI内容处理能力，适合日常写作和总结，但对情报搜集帮助有限。助理已具备AI总结能力，重点依赖搜索能力保障信息完整性。CTF项目已搭建本地工作台，数据接入展示正常，下一步重点是事件归并和事实/流言分栏                                      | 4bb26d0b6e828afc | 2026-02-07 23:48:38.029422+08
 282 | hua_liu    | tg_backfill_20260207         |         -1 |       -1 | 聊天中主要讨论了Brave的两种付费选项：Data for Search和Data for AI。助理建议优先选择Data for Search，因为CTF情报中心最需要稳定且高频的全网搜索能力来补洞和交叉验证，AI能力助理本身已具备且主要用于总结和报告。CTF项目已搭建本地工作台，数据接入展示正常，下一步重点是事件归并和事实/流言分栏。关于Perplexity Pro，用户选择偶尔人工查证方式，                                                             | 4bb26d0b6e828afc | 2026-02-09 21:52:46.856629+08
 298 | hua_liu    | tg_backfill_20260209_1       |         -1 |       -1 | Hua Liu与哆啦Ai熊讨论了Brave的两种付费选项：Data for Search和Data for AI。哆啦Ai熊建议优先选择Data for Search，因为CTF情报中心最需要稳定、高频、精准的搜索能力来补洞和交叉验证，AI能力哆啦Ai熊本身已具备且主要用于总结和报告。Hua Liu确认已是Search最高级会员，哆啦Ai熊将基于此设计CTF情报中心，优先完成事件归并和事实/流言分                                                                           | 4bb26d0b6e828afc | 2026-02-09 22:47:01.132385+08
  21 | hua        | tg_backfill_2026_01_29_02_07 |         -1 |       -1 | 用户Hua Liu指示哆啦Ai熊升级其能力，重点是提升信息存储、检索和分析能力。哆啦Ai熊推荐使用spaCy作为自然语言处理工具，DBeaver作为数据库管理系统，并已开始安装。安装过程中遇到Python环境和pip缺失问题，最终通过Homebrew安装Python并创建虚拟环境解决。用户提供了OpenAI和Gemini的API密钥，确认使用OpenAI的GPT-4o mini模型和Gemini的                                                                            | 4dff98b365fb5899 | 2026-02-07 00:34:15.691076+08
  38 | 8555612162 | telegram_backfill_session    |         -1 |       -1 | 用户Hua Liu指示哆啦Ai熊升级其能力，重点引入spaCy和DBeaver工具，并使用OpenAI的GPT-4o mini模型和Gemini模型提升自然语言处理能力。哆啦Ai熊遇到Python环境和pip安装问题，最终通过Homebrew安装Python并创建虚拟环境解决依赖冲突，成功安装了OpenAI库并配置API密钥。用户提供了OpenAI和Gemini的API密钥，确认同时使用GPT-4                                                                                          | 4dff98b365fb5899 | 2026-02-07 23:48:38.029422+08
 284 | hua_liu    | tg_backfill_20260207         |         -1 |       -1 | 用户Hua Liu指示哆啦Ai熊升级其能力，重点提升信息存储、检索和分析能力。哆啦Ai熊推荐使用spaCy作为自然语言处理工具，DBeaver作为数据库管理系统，并开始安装配置。安装过程中遇到Python环境和pip缺失问题，最终通过Homebrew安装Python并创建虚拟环境解决。用户提供了OpenAI和Gemini的API密钥，确认使用OpenAI的GPT-4o mini模型，并考虑同时使用                                                                      | 4dff98b365fb5899 | 2026-02-09 21:52:46.856629+08
 300 | hua_liu    | tg_backfill_20260209_1       |         -1 |       -1 | 用户Hua Liu指示哆啦Ai熊升级其能力，重点是提升信息存储、检索和分析能力。哆啦Ai熊推荐使用spaCy作为自然语言处理工具，DBeaver作为数据库管理系统，并获得确认开始安装。安装过程中遇到Python环境和pip缺失问题，最终通过Homebrew安装Python并创建虚拟环境解决。用户提供了OpenAI和Gemini的API密钥，确认使用OpenAI的GPT-4o mini模型和Gemi                                                                          | 4dff98b365fb5899 | 2026-02-09 22:47:01.132385+08
  16 | hua        | tg_backfill_2026_01_29_02_07 |         -1 |       -1 | 用户Hua Liu与助理哆啦Ai熊的对话主要围绕智慧城市建设方案的分析和准备下午的可行性讨论会展开。用户上传了一份CityCloud Technology为Smart Karachi提供的智慧城市建设提案，预算约10亿美元，重点在安全治理和硬件感知设备。助理详细提取并分析了方案内容，指出方案为概念性顶层设计，缺少实施细节、预算拆解和运营保障，建议用户在会议中重点质询范围分期、单价口径、运营成本及合                                    | 53d8b0e31b775ca0 | 2026-02-07 00:34:15.691076+08
  33 | 8555612162 | telegram_backfill_session    |         -1 |       -1 | 用户Hua Liu与助理哆啦Ai熊进行了多轮交流，主要围绕智慧城市建设方案的分析与讨论。用户上传了一份CityCloud Technology为Smart Karachi提供的智慧城市提案，预算约10亿美元，重点在安全治理和硬件设备投入。助理详细提取并分析了方案内容，指出方案为概念性顶层设计，缺乏实施细节、预算拆解和运营保障，建议用户在下午的可行性讨论会上重点关注方案的范围、分期、预算合理性、数据                                    | 53d8b0e31b775ca0 | 2026-02-07 23:48:38.029422+08
 279 | hua_liu    | tg_backfill_20260207         |         -1 |       -1 | 用户与哆啦Ai熊的对话主要围绕智慧城市建设方案的分析与讨论展开。用户上传了CityCloud Technology针对Smart Karachi的10亿美元智慧城市提案，要求助理分析方案的可行性、预算合理性及会议讨论大纲。助理详细拆解了方案的架构、预算分布及潜在风险，指出方案为概念性顶层设计，缺乏实施细节和运营保障，尤其是10万路视频监控规模及单价口径存疑，运营费用仅覆盖1年不够。助理建议会议重点                                | 53d8b0e31b775ca0 | 2026-02-09 21:52:46.856629+08
 295 | hua_liu    | tg_backfill_20260209_1       |         -1 |       -1 | 用户Hua Liu与助理哆啦Ai熊的对话主要围绕智慧城市建设方案的分析与讨论展开。用户上传了一份CityCloud Technology为Smart Karachi提供的智慧城市方案PDF，预算约10亿美元，重点在安全治理和硬件设备投入。哆啦Ai熊详细解析了方案的架构、预算分布及存在的风险，指出方案缺少现状评估、技术细节、分期计划和运营保障，建议会议重点讨论方案的可行性条件、预算合理性及治理机制。                                         | 53d8b0e31b775ca0 | 2026-02-09 22:47:01.132385+08
  17 | hua        | tg_backfill_2026_01_29_02_07 |         -1 |       -1 | 用户与助理围绕一部历史小说的前三章（C01-C03）进行了详细的整理和校订。前三章均需达到按汉字计数不少于1万字的标准，经过多轮补充和结构调整，最终三章均达标并锁稿。章节分段风格统一为推进式，段数控制在7-8段，过渡句重写以提升连贯性。用户确认第一章基调，要求后续章节保持一致。助理已将用户制定的长期工作流程规范（包括显式标签触发和语义自动触发的流程选择规则）纳入长期记忆，并严格执行。针对用户请求，   | 6aba0806b0349b93 | 2026-02-07 00:34:15.691076+08
  34 | 8555612162 | telegram_backfill_session    |         -1 |       -1 | 用户与助理围绕一部历史小说的前三章（C01-C03）进行了详细的整理和校订工作。前三章均需达到≥10,000汉字的标准，助理先后完成了章节结构统一、内容补充、分段风格调整及过渡句重写，确保章节连贯且风格冷硬细致。用户确认第一章基调认可，要求第二、三章分段压缩至7-8段并统一风格。助理完成后，用户要求进一步细化段落内容归位和过渡句润色。双方还确立了长期工作流程规范，明确四大流程（新闻、判断、决策、跟         | 6aba0806b0349b93 | 2026-02-07 23:48:38.029422+08
 280 | hua_liu    | tg_backfill_20260207         |         -1 |       -1 | 用户与助理哆啦Ai熊合作整理一部45章的历史小说前三章（C01-C03），要求每章按汉字计数不少于1万字。前三章经过多轮结构调整、内容补充和分段优化，最终均达标并形成统一风格，基调冷硬且细节丰富。用户确认以C01为基调推进后，助理将C02、C03段落压缩至7-8段，重写过渡句以提升连贯性。用户还制定了详细的长期工作流程规范，涵盖显式标签触发和语义自动触发四大流程（新闻、判断、决策、跟进），并明确半                | 6aba0806b0349b93 | 2026-02-09 21:52:46.856629+08
 296 | hua_liu    | tg_backfill_20260209_1       |         -1 |       -1 | 用户与助理围绕一部历史小说的前三章（C01-C03）进行详细整理和校对。助理按用户要求以“汉字计数≥1万”为标准，统一章节结构、关键设定和分段风格，完成了三章的最终稿锁定，并制作了合并试读版供用户连读确认。用户确认第一章基调后，要求第二、三章分段数压缩至7-8段，助理完成分段重组、内容归位及过渡句重写，提升阅读连贯性。用户还制定了长期工作流程规范，明确四类流程（新闻、判断、决策、跟进）的触发机制和      | 6aba0806b0349b93 | 2026-02-09 22:47:01.132385+08
  20 | hua        | tg_backfill_2026_01_29_02_07 |         -1 |       -1 | 聊天中确认了NBA相关cron任务存在漏推送问题，已调整为每2小时固定推送简短消息，避免漏发且不干扰CTF主线。Hua Liu了解群聊功能，暂时不启用。CTF任务优先，越南项目文件夹的文件将利用空闲时间逐步阅读和整理，先读指定4个文件并提取核心要点，后续可做项目关键事实卡或文件总目录摘要。关于微信PDF文件失效，主要因本地缓存清理或文件撤回，建议及时保存到本地或网盘。针对胡志明办公室无工程部问题，                 | bea066f5b29095ba | 2026-02-07 00:34:15.691076+08
  37 | 8555612162 | telegram_backfill_session    |         -1 |       -1 | 聊天中确认了NBA相关cron任务存在漏推送问题，已修复并改为每2小时固定推送简短消息，下一次推送时间为16:05。讨论了在Telegram群内添加朋友与助理交流的功能，确认可用但暂时不启用。助理将优先完成CTF任务，越南项目文件夹的文件将利用空闲时间后台逐步阅读和整理，先读指定的4个文件并总结了核心要点和风险。针对胡志明办公室无工程部的问题，提供了两种回复方案和越南合资公司常见组织架构说明。关机                 | bea066f5b29095ba | 2026-02-07 23:48:38.029422+08
 283 | hua_liu    | tg_backfill_20260207         |         -1 |       -1 | 聊天中确认了NBA定时任务cron存在漏推送问题，已调整为每2小时固定推送简短消息，下一次推送时间为16:05。讨论了将朋友拉入Telegram群组以实现多人交流的功能，暂时不启用。明确CTF任务为当前最高优先级，越南项目文件夹的文件将利用空闲时间后台逐步阅读和整理，优先级不影响CTF进度。针对越南项目文件夹，建议先做文件清单和优先级分类，用户选择以“核心事实卡+时间线+关键文件索引”形式交付。已                       | bea066f5b29095ba | 2026-02-09 21:52:46.856629+08
 299 | hua_liu    | tg_backfill_20260209_1       |         -1 |       -1 | 聊天中确认了NBA相关cron任务存在漏推送问题，已修复并改为每2小时固定推送简短消息，下一次推送时间为16:05。讨论了Telegram群聊功能，确认可支持多人交流但暂时不启用。CTF任务为最高优先级，越南项目文件夹阅读作为后台低优先级任务进行，优先处理指定的4个文件并提炼核心要点，后续将做全量盘点和索引。针对越南合资公司组织架构，提供了详细的双核模式建议及回复老板的措辞方案。关于关机流程，确认                 | bea066f5b29095ba | 2026-02-09 22:47:01.132385+08
  18 | hua        | tg_backfill_2026_01_29_02_07 |         -1 |       -1 | 双方讨论并确定了CTF情报系统的核心设计原则，强调事实池与流言池双轨管理，严格的可信度分级和双模型交叉审稿机制，确保信息真实可靠。Hua Liu已提供Gemini和ChatGPT的API Key，哆啦Ai熊将其写入本地.env文件并确保安全。当前系统主流程稳定运行，LLM增强模块因依赖包安装问题暂时搁置，待网络环境改善后再启用。Playwright已成功安装到项目虚拟环境，支持动态页面抓取，后续可                                         | c62572c943cdc07d | 2026-02-07 00:34:15.691076+08
  35 | 8555612162 | telegram_backfill_session    |         -1 |       -1 | 双方讨论并确认了CTF情报系统的设计原则和技术实现细节。系统采用“事实池/流言池”双轨管理信息，严格区分可信度等级（A/B/C），并通过双模型（Gemini和ChatGPT）交叉审稿和变更检测提升信息准确性。Hua Liu已提供API Key，哆啦Ai熊将其安全写入本地.env文件，并确认依赖包和SDK安装情况。Playwright已成功安装于项目虚拟环境，后续可用于动态页面抓取。双方明确了卡顿处                                                 | c62572c943cdc07d | 2026-02-07 23:48:38.029422+08
 281 | hua_liu    | tg_backfill_20260207         |         -1 |       -1 | 双方讨论并确认了CTF情报系统的设计原则，强调“事实池/流言池”双轨管理和严格的可信度分级（A/B/C），确保信息真实可靠。系统将利用Gemini和ChatGPT作为辅助引擎，负责信息提炼和报告生成，但事实仍需基于可复核的原始来源。Hua Liu已提供API Key，哆啦Ai熊建议将Key放入本地.env文件以保证安全并便于调用。当前系统主流程稳定运行，LLM增强模块因依赖包安装问题暂缓，待网络环                                          | c62572c943cdc07d | 2026-02-09 21:52:46.856629+08
 297 | hua_liu    | tg_backfill_20260209_1       |         -1 |       -1 | 双方讨论并确认了CTF情报系统的设计原则，强调“事实池/流言池”双轨管理和严格的可信度分级（A/B/C级），确保信息来源可追溯且经过交叉验证。系统将利用Gemini和ChatGPT作为辅助引擎，负责信息提炼和报告生成，但不决定事实。API Key已通过私聊方式安全写入本地.env文件，且Playwright已成功安装在项目虚拟环境中，支持动态页面抓取。OpenAI和Gemini的Python SD                                                          | c62572c943cdc07d | 2026-02-09 22:47:01.132385+08
  40 | 8555612162 | telegram_backfill_session    |         -1 |       -1 | 记忆系统已成功完善，支持用户输入和摘要写入数据库，数据库结构合理调整，区分冷记忆和热记忆。相关代码和数据库结构文件已整理，路径明确。用户提供了一个独立、可运行的Python版“检索+拼装上下文+每20轮摘要”模块，支持Postgres数据库，包含自动摘要触发、摘要优先检索、token预算控制等功能。系统设计要求每20轮自动生成摘要，摘要写入`chat_summaries`表，检索时优先使用摘要，再                                   | 27137a0bd3641e20 | 2026-02-07 23:48:38.029422+08
 286 | hua_liu    | tg_backfill_20260207         |         -1 |       -1 | 记忆系统已成功完善，支持用户输入和摘要写入数据库，数据库结构合理调整，区分冷记忆和热记忆。相关代码和数据库结构文件已整理，路径明确。Hua Liu 提供了一个独立、可运行的Python模块（memory_v1_rag.py），实现每20轮自动生成摘要、摘要优先检索、严格token预算等功能，并包含数据库表结构创建SQL。模块设计支持无密码本地Postgres连接，提供了日志记录、摘要触发、检索和上                                        | 27137a0bd3641e20 | 2026-02-09 21:52:46.856629+08
 302 | hua_liu    | tg_backfill_20260209_1       |         -1 |       -1 | 记忆系统已成功完善，用户输入和摘要均能写入数据库，数据库结构合理调整，区分冷记忆和热记忆。相关代码和数据库结构文件已整理，路径明确。提供了一个独立、可运行的Python版“检索+拼装上下文+每20轮摘要”模块，支持Postgres数据库，包含自动摘要触发、摘要存储、检索优先摘要、token预算控制等功能。模块依赖chat_turns和chat_summaries表，若无需执行建表SQL。系统设计严                                            | 27137a0bd3641e20 | 2026-02-09 22:47:01.132385+08
  81 | 8555612162 | 4637                         |         -1 |       -1 | 用户希望通过n8n工作流每天多次将分散信息源转化为可执行的情报，要求情报既可追溯又具备判断力。当前工作流设计清晰，使用Google Sheets作为控制台，结合Perplexity和LLM实现结构化和分析，但存在数据链路断开、重复发信、解析不稳定等问题。助理建议优先修复关键风险点，包括统一日志处理、避免重复发信、改进JSON解析和保留真实来源链接。进一步提出升级方案：将体系分为采集层和研判层，增加                         | 0c7c891f6401733a | 2026-02-09 07:40:37.789352+08
 103 | 8555612162 | 4637                         |         -1 |       -1 | 用户要求哆啦Ai熊按“军事与航运风险”方向跟踪伊朗局势，重点关注霍尔木兹海峡、红海-亚丁湾、美军/伊朗军力动态及航运能源信号。用户已有n8n工作流每日两次自动抓取情报，流程设计清晰但存在数据链路断开、重复发信、解析不稳等问题。哆啦Ai熊建议优化为采集层与研判层分离，增加去重和变更检测，设置信息可信度分层，主推结构化数据库驱动的日报，分析报告作为辅助。用户需决定日报数量（1封或2封）及情报中枢定位（     | 0c7c891f6401733a | 2026-02-09 07:41:49.184024+08
  93 | 8555612162 | 4637                         |         -1 |       -1 | 目前项目的 Gemini 和 OpenAI API Key 已成功写入本地 .env 文件，并且该文件已加入 .gitignore，确保不会外泄。因安装官方 SDK 时遇到 cryptography 包下载卡顿，暂时采用无 LLM 模式保证系统稳定运行，LLM 作为增强模块后续再启用。双方确认遇到长时间卡住的工作时需及时沟通并提供备选方案，形成卡住处理SOP。Playwright Python 包                                                                                  | 0e643e250bf72452 | 2026-02-09 07:40:37.789352+08
 114 | 8555612162 | 4637                         |         -1 |       -1 | 目前项目的 Gemini 和 OpenAI API Key 已成功写入本地 .env 文件，并加入 .gitignore 以防泄露。因安装官方 SDK 时遇到 cryptography 包下载卡顿，暂时采用无 LLM 模式保证系统稳定运行，LLM 功能待网络或安装方式稳定后再启用。双方确认遇到长时间卡住时需及时沟通并提供备选方案，形成“卡住处理SOP”。Hua Liu 已安装 playwright                                                                                      | 0e643e250bf72452 | 2026-02-09 07:41:49.184024+08
  53 | 8555612162 | 4637                         |         -1 |       -1 | 用户的音响系统搭配方向正确，主链为LUMIN U2 Mini→Holo May KTE→RL904监听，低音炮SB2000 Pro接入方式待确认，影响系统表现的关键是低频分频、相位和延迟的精准校正。建议用户确认SB2000 Pro的接入点（miniDSP、May KTE分线或音箱串接），并提供当前Dirac目标曲线和sub delay数值，以便给出具体调校方案。关于莫拉洛吊灯，用户家挑高约5米，开                                                                         | 0ebc9834352c76fb | 2026-02-09 07:40:37.789352+08
  74 | 8555612162 | 4637                         |         -1 |       -1 | 用户的音响系统由LUMIN U2 Mini、Holo May KTE、RL904有源监听和SB2000 Pro低音炮组成，整体搭配方向正确，上限高，但存在低频整合和校正执行的短板。关键问题是SB2000 Pro的接入方式，决定分频、相位和延迟的校正策略。建议用户确认低音炮信号来源，并进行延迟和相位微调，调整Dirac目标曲线和增益结构。关于莫拉洛吊灯，用户家挑高约5米，开间3.5米，适合多层垂坠或                                                   | 0ebc9834352c76fb | 2026-02-09 07:41:49.184024+08
 234 | 8555612162 | 4637                         |         -1 |       -1 | 聊天记录显示，之前的对话内容未持久化存储，导致无法检索，系统升级后已将所有对话记录成功保存到PostgreSQL数据库中，确保了数据持久化和未来查询的可行性。用户希望将当前对话框内的所有聊天记录保存，系统已确认成功保存。用户还提到Telegram Desktop目录中包含之前所有交流记录，助理无法直接读取目录，但可以列出目录文件。因上下文过大，助理建议读取具体文件。用户指定读取Telegram导出                          | 157268a9f52520ca | 2026-02-09 07:40:37.789352+08
 260 | 8555612162 | 4637                         |         -1 |       -1 | 用户Hua Liu询问是否能保存当前对话框的所有聊天记录，系统确认已成功将记录存入PostgreSQL数据库，实现了对话内容的持久化存储。此前对话记录未保存为本地文件，导致无法检索。用户希望系统读取Telegram Desktop目录中的历史聊天记录，但系统无法直接读取目录，只能列出文件。用户随后指定读取Telegram导出的HTML文件，系统确认该文件包含所有历史交流内容，并表示可协助提取和整合                                     | 157268a9f52520ca | 2026-02-09 07:41:49.184024+08
 107 | 8555612162 | 4637                         |         -1 |       -1 | 聊天中哆啦Ai熊详细介绍了在Ubuntu/Docker环境下部署Clawd/Clawdbot小主机的多项能力，包括24/7自动化执行、情报采集、LLM辅助报告生成、数据库管理及Google生态联动等。小主机适合长期稳定运行低频自动化任务，Mac更适合高频强交互任务。针对推送信息不及时的问题，哆啦Ai熊调整了NBA、伊朗航运和越南同奈的定时推送为固定时间点，确保稳定推送，并补发了最新越南同奈周报，内                                          | 15a234f481e40979 | 2026-02-09 07:40:37.789352+08
 129 | 8555612162 | 4637                         |         -1 |       -1 | 哆啦Ai熊详细介绍了在Ubuntu/Docker环境下运行Clawd/Clawdbot小主机的多项能力，包括24/7自动化执行、情报采集、LLM辅助报告生成、数据库管理及Google生态联动等。小主机适合长期稳定运行、低频自动化任务，不适合高频交互和Mac专属应用。针对推送信息不及时的问题，已将NBA湖人交易、伊朗航运风险和越南同奈仁泽周报的推送改为固定时间点，确保准时推送。越南同奈周报已补发，并                                        | 15a234f481e40979 | 2026-02-09 07:41:49.184024+08
 229 | 8555612162 | 4637                         |         -1 |       -1 | 用户与助理的交流开始时间实际早于2026年2月3日0:26:29，但原始记忆文件过大导致上下文溢出，无法直接读取。助理计划通过分割或压缩文件内容，将大文件拆分为多个小部分，确保记忆系统能正常运作。用户要求助理选择合适的模型和方法，将之前的记忆文件安全迁移到新的记忆系统。助理决定采用分批处理方式，使用gpt-4.1-mini模型进行更新和摘要，编写代码提取并逐批写入新系统，保证符合新规范。                           | 2bf5a4f78de863f3 | 2026-02-09 07:40:37.789352+08
 256 | 8555612162 | 4637                         |         -1 |       -1 | 用户与助理的交流开始时间最早应早于2026年2月3日0:26:29，但因原始记忆文件过大导致上下文溢出，无法直接读取。助理建议将大文件分割或压缩成多个小部分，以便有效处理和检索。用户希望助理选择合适的模型和方法，将之前的记忆文件安全迁移到新的记忆系统中。助理计划按批次读取原始聊天记录，使用gpt-4.1-mini模型进行更新和摘要，确保迁移过程符合新系统规范并保持记忆功能正常。                                     | 2bf5a4f78de863f3 | 2026-02-09 07:41:49.184024+08
 115 | 8555612162 | 4637                         |         -1 |       -1 | 用户决定只将CTF婚嫁金钻和越南地产相关内容存入Drive，NBA和伊朗信息仅作日常新闻展示，不归档。越南地产聚焦胡志明市圈（含守德、平阳、同奈），采用四步训练法：1）信息获取与结构化，2）可信度与影响判断，3）板块/项目雷达，4）输出周报/专题。信息结构化模板和分类词表已制定，周报格式确定。用户主要关注胡志明圈地产的自住/家用决策方向。系统首页已支持点击进入各子页面，前端改进完成。助理将优先推进          | 35fe5fe5c18ec31a | 2026-02-09 07:40:37.789352+08
 138 | 8555612162 | 4637                         |         -1 |       -1 | 用户决定不将NBA和伊朗相关信息存入Drive，仅作为日常新闻临时展示，Drive归档只保留CTF婚嫁金钻和越南地产两条主线。越南地产聚焦胡志明市圈（含守德、平阳、同奈），采用四步训练法：信息获取与结构化、可信度与影响判断、板块/项目雷达、输出周报专题。信息结构化模板和分类词表已制定，周报格式也已确定。用户主要关注胡志明圈地产的自住/家用决策方向。系统首页已支持点击进入各子页面，用户反馈正常。助理          | 35fe5fe5c18ec31a | 2026-02-09 07:41:49.184024+08
 125 | 8555612162 | 4637                         |         -1 |       -1 | 用户日常使用Perplexity的Comet浏览器，但因Comet无法安装Clawdbot Relay扩展，决定改用Chrome浏览器进行查证工作。用户已在Chrome中常驻一个Perplexity网页标签页，计划通过Clawdbot Browser Relay扩展将该标签页连接给助理，以便助理随时接管进行查证和信息补充。助理建议用户完成连接操作后通知“已连接”，以便开始使用该标签页作为常驻查证入                                                                        | 39a9b1c4aeeb12e7 | 2026-02-09 07:40:37.789352+08
 146 | 8555612162 | 4637                         |         -1 |       -1 | 用户日常使用Perplexity的Comet浏览器进行浏览，但因Comet无法安装Clawdbot Relay扩展，决定改用Chrome浏览器的常驻Perplexity标签页作为查证入口。用户偏好固定开一个常驻标签页供助理接管查证，助理需用户在Chrome中打开常驻标签页并启用Clawdbot Relay扩展，显示为已连接后助理即可远程操作。后续查证工作将通过该Chrome标签页完成，提升查证效率                                                                    | 39a9b1c4aeeb12e7 | 2026-02-09 07:41:49.184024+08
  66 | 8555612162 | 4637                         |         -1 |       -1 | 用户确认将“未标记时启用语义触发自动选流程”作为长期工作制度，优先级为显式标签 > 语义触发 > 默认对话模式，且根据置信度分级处理消息。用户要求查询伊朗近两天爆炸事件，哆啦Ai熊按新闻判断流程提供了详细分析，指出爆炸主要发生在Bandar Abbas和Ahvaz，初步原因是住宅燃气泄漏，官方否认袭击传闻，事件背景为美伊紧张局势，需持续关注官方调查结论和是否有更多爆炸。用户制定半自动工作模式（L1                     | 53a63629280cf8f1 | 2026-02-09 07:40:37.789352+08
  87 | 8555612162 | 4637                         |         -1 |       -1 | 用户设定了“未标记时启用语义触发自动选流程”为长期工作制度，优先级为显式标签 > 语义触发 > 默认对话模式。针对伊朗近期爆炸事件，系统按新闻判断流程处理，确认爆炸主要因住宅燃气泄漏，官方否认袭击传闻，事件地点敏感且处于美伊紧张背景，需持续关注官方调查结论、伤亡数字及是否有更多爆炸。用户要求半自动工作模式（L1）执行后续操作，固定给出2-3个明确下一步选项，等待用户授权。用户选择对齐不同英文来源的     | 53a63629280cf8f1 | 2026-02-09 07:41:49.184024+08
 134 | 8555612162 | 4637                         |         -1 |       -1 | 用户Hua Liu已成功让助理哆啦Ai熊接管Chrome浏览器中的Perplexity标签页，作为长期查证入口。助理提醒需保持Chrome和该标签页开启，Relay功能保持开启。每次只能附着一个标签页，但可从该标签页派生新页面。用户询问是否能用Gemini，助理说明可通过浏览器版切换附着或通过CLI后台运行，但CLI需API key。助理未找到用户之前提供的Gemini API key，建议用户重                                                             | 584982cc0408458e | 2026-02-09 07:40:37.789352+08
 156 | 8555612162 | 4637                         |         -1 |       -1 | 用户已成功连接Chrome中的Perplexity标签页，作为常驻查证入口，需保持Chrome和该标签页开启，Relay功能保持开启。默认只能附着一个标签页，但可从该标签页派生新页面，或随时切换附着标签页。用户询问是否能用Gemini，助理说明可通过浏览器附着或本机CLI两种方式使用Gemini。CLI方式需API key，助理未找到用户之前提供的Gemini API key，用户需决定是否重新提                                                          | 584982cc0408458e | 2026-02-09 07:41:49.184024+08
 186 | 8555612162 | 4637                         |         -1 |       -1 | 用户Hua Liu提供了OpenAI API密钥，助理哆啦Ai熊尝试安装pip时遇到环境中缺少Python和pip命令的问题。哆啦Ai熊请求用户提供Python安装路径、包管理工具和终端权限信息。用户确认已安装Homebrew并授权终端权限。助理决定通过Homebrew安装Python以解决pip缺失问题，后续会继续更新安装进展。                                                                                                                            | 69aaad1dae9bee98 | 2026-02-09 07:40:37.789352+08
 213 | 8555612162 | 4637                         |         -1 |       -1 | 用户Hua Liu提供了OpenAI API密钥，助理哆啦Ai熊尝试安装pip时遇到环境中缺少Python和pip命令的问题。用户确认已安装Homebrew，并授权助理使用终端权限。助理计划通过Homebrew安装Python以解决pip缺失问题，并会持续更新安装进展。用户表示愿意提供协助，助理请求确认Python安装路径、包管理工具及终端权限信息。                                                                                                      | 69aaad1dae9bee98 | 2026-02-09 07:41:49.184024+08
 122 | 8555612162 | 4637                         |         -1 |       -1 | Hua Liu 询问了 Brave 产品中“Data for Search”和“Data for AI”两种付费选项的区别及适用场景。哆啦Ai熊解释，Search 主要提升搜索能力，适合大量情报搜集和交叉验证，AI 则提升内容处理能力，适合总结和报告生成。考虑到CTF情报中心的需求，优先选择 Search，因为情报搜集和核验是核心，AI 总结能力哆啦Ai熊已具备。Hua Liu 已是 Search                                                                               | 6a8414814f33d8d2 | 2026-02-09 07:40:37.789352+08
 143 | 8555612162 | 4637                         |         -1 |       -1 | Hua Liu 询问了 Brave 平台中“Data for Search”和“Data for AI”两种付费选项的区别及适用场景。哆啦Ai熊解释，Data for Search 主要提升搜索能力，适合大量信息搜集和交叉验证，尤其适合CTF情报中心的需求；Data for AI 则提升AI内容处理能力，适合总结和报告生成。哆啦Ai熊建议优先选择 Data for Search，因为其对情报搜集和                                                                                          | 6a8414814f33d8d2 | 2026-02-09 07:41:49.184024+08
  69 | 8555612162 | 4637                         |         -1 |       -1 | 用户授权哆啦Ai熊在正确理解工作需求后，可主动调用本机工具完成任务，避免每步都需确认。哆啦Ai熊列出了可直接执行和需授权的动作范围，明确禁止自动对外发送消息、持续性动作及高风险系统改动。用户确认前3章内容符合要求，允许继续写第4章及后续章节。每章文字不少于1万汉字，段落数按合理分段，不限7-8段。哆啦Ai熊推荐按顺序逐章写作，用户选择继续写第4章，保持前3章的风格和精度，完成后交付试读版合并更新。      | 7355f2b05e9d19f1 | 2026-02-09 07:40:37.789352+08
  91 | 8555612162 | 4637                         |         -1 |       -1 | 哆啦Ai熊明确了可直接执行和需授权的工作范围，获得了Hua Liu授权后，可以主动调用本机工具处理文件和写作任务，但对外发送、持续动作和高风险系统改动仍需确认。Hua Liu认可已完成的1-3章内容，要求继续完成后续章节。章节写作要求每章不少于1万汉字，段落数按合理分段，不限7-8段，每次交付一章，保持前几章的风格和精度。哆啦Ai熊推荐按顺序写第4章，Hua Liu同意继续写第4章。                                        | 7355f2b05e9d19f1 | 2026-02-09 07:41:49.184024+08
 164 | 8555612162 | 4637                         |         -1 |       -1 | 哆啦Ai熊已将新的Brave Search PRO API Key和Perplexity API Key分别写入ctf-workbench/.env和Clawd全局配置，确保全局和项目内使用一致，并完成Gateway重载。后续CTF信息搜集模块将改用Brave PRO Key以缓解429限流问题。两人确认聊天内容为私密信息，哆啦Ai熊承诺严格保护API Key安全，不会公开或提交到版本库，并确保.                                                                                               | 7a09db6faa5431e1 | 2026-02-09 07:40:37.789352+08
 190 | 8555612162 | 4637                         |         -1 |       -1 | 双方确认已将Brave Search PRO的新API Key更新至ctf-workbench/.env和Clawd全局配置，替换旧Key以缓解429限流问题。Perplexity的API Key也已写入ctf-workbench/.env。后续将用这两个Key加速“周大福婚嫁黄金&钻石情报系统”的建设，流程包括信息采集、去噪去重和分析输出。安全方面，哆啦Ai熊承诺将Key视为敏感信息，仅限本地使                                                                                          | 7a09db6faa5431e1 | 2026-02-09 07:41:49.184024+08
 220 | 8555612162 | 4637                         |         -1 |       -1 | 记忆系统升级已成功，支持全量存储和检索用户与助理的对话，数据库和spaCy组件均正常运行。当前遇到OpenAI Python包与新API接口不兼容的问题，用户决定更新代码以兼容新接口，而非降级包。助理正在根据最新文档调整代码，确保能正确调用新API并查询可用模型。用户要求若更新进度缓慢需及时告知。                                                                                                                      | 84c24da706b7af57 | 2026-02-09 07:40:37.789352+08
 246 | 8555612162 | 4637                         |         -1 |       -1 | 记忆系统升级已成功，能够永久存储并检索用户与助理的对话，数据库和spaCy组件均正常运行。当前遇到OpenAI API调用兼容性问题，使用的Python包版本过旧，不支持新接口。用户决定不降级包，而是更新代码以兼容OpenAI的新API接口。助理正在根据最新文档调整代码，确保能正确查询可用模型，并承诺若更新进度缓慢会及时告知用户。                                                                                          | 84c24da706b7af57 | 2026-02-09 07:41:49.184024+08
 217 | 8555612162 | 4637                         |         -1 |       -1 | Hua Liu确认之前环境可能未正常安装，要求检查spaCy和DBeaver的安装情况。经过核查，spaCy未安装，已开始安装并完成，DBeaver需通过官网下载独立安装。安装完成后将继续数据库操作。针对中东/伊朗局势，已整理关键事实和军事、外交、国内态势及未来风险评估，风险等级为中，触发点为美方军事行动。Hua Liu要求继续推进记忆能力升级，确认之前工作是否完成。                                                             | 8785435a00467209 | 2026-02-09 07:40:37.789352+08
 243 | 8555612162 | 4637                         |         -1 |       -1 | Hua Liu 发现之前的环境可能未正确安装，导致工作出错，要求检查 spaCy 和 DBeaver 的安装情况。经过确认，spaCy 未安装，已开始安装并完成，接下来将验证安装成功并继续数据库操作。DBeaver 是独立桌面应用，需要官网下载安装。期间，哆啦Ai熊整理了中东/伊朗局势的最新关键进展，包括伊朗最高领袖警告、抗议镇压、特朗普施压核计划等，风险等级为中。Hua Liu 提出继续进行记忆                                         | 8785435a00467209 | 2026-02-09 07:41:49.184024+08
   1 | hua        | tg_backfill_2026_01_29_02_03 |         -1 |       -1 | 用户Hua Liu与个人助理AI进行了多轮交流，主要涉及AI的功能确认、图片识别与处理、股票信息查询、餐馆推荐及电脑操作权限等问题。用户上传了一份CityCloud Technology为Smart Karachi智慧城市建设的10亿美元提案，要求AI分析文件并准备下午的可行性讨论材料。AI详细拆解了方案的架构、预算、风险及不足，提出了尽调重点和会议讨论大纲，建议聚焦战略、技术和财务三大维度评估方                                          | 8daa5b97fcba96e4 | 2026-02-03 14:31:53.775368+08
   8 | hua        | tg_8555612162_main           |         -1 |       -1 | 用户Hua Liu与个人助理AI进行了多轮交流，主要涉及AI的功能确认、图片识别与处理、股票信息查询等。AI无法直接访问实时股价和执行电脑操作权限。用户上传了一份关于CityCloud Technology为Smart Karachi智慧城市建设的10亿美元提案，AI对该方案进行了详细分析，指出方案为顶层概念设计，预算粗略且偏重硬件，缺少实施细节和运营保障。AI建议会议重点讨论方案的可行性条件、预                                            | 8daa5b97fcba96e4 | 2026-02-05 00:20:49.811953+08
  86 | 8555612162 | 4637                         |         -1 |       -1 | Hua Liu 关心CTF系统的开发进度，询问对方是否遇到卡顿问题。由于playwright无法安装，决定暂时放弃该工具，优先完成满足当前需求的CTF系统基础功能。Hua Liu多次催促对方反馈工作状态，强调CTF情报系统的基础工作是否完成。                                                                                                                                                                                        | 9314e0df72071a12 | 2026-02-09 07:40:37.789352+08
 108 | 8555612162 | 4637                         |         -1 |       -1 | Hua Liu 关心CTF系统的开发进度，询问对方是否遇到卡住的问题。由于playwright无法安装，决定暂时不管它，优先完成满足当前使用需求的CTF系统。Hua Liu 反复催促对方反馈CTF情报系统的基础工作是否完成，并询问当前工作状态。对方回应较少，沟通存在一定延迟。                                                                                                                                                       | 9314e0df72071a12 | 2026-02-09 07:41:49.184024+08
  58 | 8555612162 | 4637                         |         -1 |       -1 | 用户要求将《十六州以北》V1版本的C01至C03章节扩写至每章正文不少于1万字。助理已完成C01章节扩写，内容涵盖盐引核销流程、闸卡夜核、东仓开仓机制及九锡议席权力链，字数达1万以上。C03章节已大幅扩写至约7千字，补充了围城细节、粮秣管理及心理战等内容，计划继续扩充至1万字。接下来将依次完成C03、C02章节的扩写，待三章均达标后，助理会统一更新合并版DOCX文件并告知路径。用户确认继续扩写任务                      | 98f46f71a505b7d3 | 2026-02-09 07:40:37.789352+08
  78 | 8555612162 | 4637                         |         -1 |       -1 | 用户要求将《十六州以北》V1版本的C01至C03章节扩写至每章正文不少于1万字。助理已完成C01章节扩写，字数超过1万字，内容包括盐引核销流程、闸卡夜核、东仓开仓机制及九锡议席权力链等细节。C03章节已大幅扩写至约7千字，补充了围城细节、粮秣管理和心理战等内容，正在继续补足至1万字。接下来将依次完成C03、C02章节的扩写，待三章均达标后，助理会统一更新合并版DOCX文件并通知用户文件路径。用户确                      | 98f46f71a505b7d3 | 2026-02-09 07:41:49.184024+08
 169 | 8555612162 | 4637                         |         -1 |       -1 | 系统已实现自动采集周大福相关信息，数据写入records.jsonl，新增内容主要涉及婚嫁金价格和工费等话题，且设置了每2小时自动采集任务。事件卡和建议功能已开发完成，事件卡包含摘要、数值、分类和来源链接，建议基于价格回调等信号自动生成。/ctf页面已升级，优先展示事件卡和建议，结构调整为建议、事件卡和今日新增三部分。用户反馈未找到事件卡和建议，确认是页面未刷新或容器未重启导致，建议硬刷新浏览器。          | a744e2a7b5fa1956 | 2026-02-09 07:40:37.789352+08
 197 | 8555612162 | 4637                         |         -1 |       -1 | 系统已实现自动采集周大福相关信息，数据存储在records.jsonl，且每2小时自动更新。事件卡和建议功能已开发完成，并集成到情报系统中，事件卡主要涵盖婚嫁金、足金克价、回调及价差等内容。/ctf页面已升级，优先展示事件卡和建议，提升为“情报中心”模式。用户需刷新浏览器查看新页面，若无显示需确认浏览器及缓存设置。用户提供了之前N8n的内容作为参考，期待系统能达到或超越该效果。下一步将根据效果决定               | a744e2a7b5fa1956 | 2026-02-09 07:41:49.184024+08
 252 | 8555612162 | 4637                         |         -1 |       -1 | 对话中确认了之前尝试通过隔离浏览器向ChatGPT发送项目进展信息未成功，原因是未登录账号导致无法发送消息。双方讨论了两种解决方案，最终决定由用户在隔离浏览器中登录其ChatGPT账号，由助理直接发送进展内容并继续迭代讨论。用户已完成登录，助理准备将最新的V1版本进展正式发出，继续推进文件记忆save_file()流程的闭环开发。                                                                                       | a80622db8c90fd69 | 2026-02-09 07:40:37.789352+08
 272 | 8555612162 | 4637                         |         -1 |       -1 | 用户正在使用隔离浏览器与ChatGPT对话，尝试同步最新开发进展，包括数据库补齐、约束索引和Python代码调整等内容。最初进展信息未成功发送，原因是隔离浏览器未登录账号，提交按钮不可用。用户选择方案2，由助理重新开启隔离浏览器并登录用户账号，确保能正常发送消息并继续迭代。用户已完成登录，助理准备将最新进展正式发送给ChatGPT，开始讨论文件记忆的闭环流程。当前交流顺利，后续将根据ChatGPT                    | a80622db8c90fd69 | 2026-02-09 07:41:49.184024+08
 109 | 8555612162 | 4637                         |         -1 |       -1 | 聊天中确认了越南同奈仁泽房地产相关的周更内容已补充，重点聚焦法规、规划、金融风险和基础设施对地产的影响，暂不涉及项目落地交割。Hua Liu尚未正式接手越南工作，要求先关注房地产信息。哆啦Ai熊计划系统训练自己成为胡志明及周边地区的房地产专家，拆解为法规、审批链、市场、基建、外资合规和风险六大模块，并请求Hua Liu选择优先训练方向。关于App开发，确定做内部自用轻量工作台，主要功能为情报、任务           | a93383fbac431fbf | 2026-02-09 07:40:37.789352+08
 130 | 8555612162 | 4637                         |         -1 |       -1 | 哆啦Ai熊已完成截至2026-02-02的越南同奈仁泽房地产周更内容，涵盖法律实施细则、规划动态、基础设施进展及外资合规要点，并附带待确认问题清单。Hua Liu暂未正式接手越南工作，要求先关注房地产相关信息。哆啦Ai熊将以房地产高可信信息雷达形式推送内容，重点跟踪法规、规划、金融风险及基建外溢，计划下周一9:30开始推送。目标是训练成胡志明及周边地区房地产专家，拆分六大模块系统学习，形成知识库和                 | a93383fbac431fbf | 2026-02-09 07:41:49.184024+08
 162 | 8555612162 | 4637                         |         -1 |       -1 | 目前“周大福婚嫁黄金与钻石”情报收集系统（CTF）完成度约10-20%，已有本地工作台和基础展示页面，但核心自动采集、去重、事实判断及建议引擎尚未完成。系统现阶段缺乏稳定自动化信息源，Brave搜索API因免费套餐限流（429错误）不适合持续采集，建议使用Perplexity API以保证稳定性。开发计划分两步：先搭建事件卡、去重和输出模板，再接入Perplexity API。用户提供了最新的Br                                            | abba373924e91362 | 2026-02-09 07:40:37.789352+08
 187 | 8555612162 | 4637                         |         -1 |       -1 | 目前“周大福婚嫁黄金与钻石”情报收集系统（CTF）完成度约10-20%，已搭建本地工作台和基础展示页面，但核心自动采集、去重、事实判定及建议引擎尚未完成。计划先接入3-5个稳定信息源，完成自动采集、去重和事件卡制作，再输出每日要点和建议。Brave搜索API因限流（429错误）不适合持续采集，建议使用Perplexity API Key以保证稳定性。用户确认已提供最新的Brave Search P                                                 | abba373924e91362 | 2026-02-09 07:41:49.184024+08
   5 | hua        | tg_backfill_2026_01_29_02_03 |         -1 |       -1 | 用户确认将NBA相关的定时任务改为每2小时固定推送简短消息，解决了之前因heartbeat文件为空导致漏推送的问题。用户询问了群聊功能，确认可以将朋友拉入Telegram群由助理直接交流，但暂时不使用此功能。用户强调优先完成CTF任务，助理承诺CTF优先，越南项目文件夹的阅读整理作为后台低优先级任务进行。助理已完成对用户指定的4个越南项目文件的阅读和要点提炼，建议后续可做一页总纲。针对老板关于胡志                    | b1b4a120a5ddaff8 | 2026-02-03 14:31:53.775368+08
  12 | hua        | tg_8555612162_main           |         -1 |       -1 | 用户确认将NBA相关的cron任务改为每2小时固定推送简短消息，避免漏推送且不干扰CTF主线。用户了解群聊功能，暂时不启用。微信中PDF文件可能因本地缓存清理导致“过期”打不开，建议及时保存到本地或网盘。用户要求AI空闲时后台阅读“公司越南项目”文件夹，优先处理指定4个文件并已完成摘要，后续将分批阅读并做索引。用户询问胡志明办公室无工程部的回复方案，AI提供两种版本及越南合资公司常见组织架构说明。               | b1b4a120a5ddaff8 | 2026-02-05 00:20:49.811953+08
 135 | 8555612162 | 4637                         |         -1 |       -1 | 用户Hua Liu向助理哆啦Ai熊提供了Google和OpenAI的API Key，助理已安全存储在本地私密环境文件中，并提醒用户应旋转或重置密钥以防泄露。双方确认API Key默认不启用，任何调用前需先沟通预计用量和费用，优先使用固定月费的Perplexity服务加速工作。当前重点是推进CTF项目的事件归并、去噪和事实/流言分层，利用Perplexity进行补洞和交叉验证。用户同意常驻开启Per                                                      | b4209c3dfcf31014 | 2026-02-09 07:40:37.789352+08
 158 | 8555612162 | 4637                         |         -1 |       -1 | 用户Hua Liu向助理哆啦Ai熊提供了Google和OpenAI的API Key，助理已安全存储于本地私密环境文件中，并提醒用户应旋转或重置密钥以防泄露。双方约定默认不轻易使用这些按量计费的API Key，任何调用前需先确认用途和预计费用，优先使用固定月费的Perplexity服务进行信息补洞和交叉验证。助理将继续推进CTF事件归并、去噪和事实/流言分层工作，完成初版情报中心视图后通知用户验收。                                         | b4209c3dfcf31014 | 2026-02-09 07:41:49.184024+08
 228 | 8555612162 | 4637                         |         -1 |       -1 | 用户Hua Liu确认记忆系统是否按要求设计，哆啦Ai熊详细说明系统具备永久记忆、全文检索、基于检索回答生成、上下文溢出防护及模型决策规则等功能。用户要求将之前所有聊天记录全部记忆，系统最初插入时遇到语法错误，后确认所有历史对话已成功存储。用户随后请求列出最早的四条聊天记录，系统准确返回了对应内容和时间。用户最后询问双方交流的起始时间，但未得到回答。整体对话围绕记忆系统的设计、实现及历史记录管理展 | baa1f37bff9175f9 | 2026-02-09 07:40:37.789352+08
 255 | 8555612162 | 4637                         |         -1 |       -1 | 用户Hua Liu确认记忆系统是否按工程级要求设计，系统已实现永久记忆、全文检索、基于检索的回答生成、上下文溢出防护和模型决策规则。所有历史聊天记录已成功存储到PostgreSQL数据库，确保信息不丢失。用户要求列出最早的4条聊天记录，系统准确返回了对应内容和时间。用户还询问了双方交流的起始时间。系统正在持续支持查询、摘要生成等操作。                                                                          | baa1f37bff9175f9 | 2026-02-09 07:41:49.184024+08
  95 | 8555612162 | 4637                         |         -1 |       -1 | 哆啦Ai熊修正了两个定时任务的推送机制，改为即时推送，确保NBA湖人交易和伊朗航运军事情报能准时发送。NBA交易信息显示骑士、国王、公牛三方交易已官宣，湖人市场交易活跃但大规模变动需等待Giannis动态。CTF情报系统中，playwright已成功安装并生效，后续可用于抓取动态网页数据。OpenAI和Google Gemini的SDK也已成功安装，准备将双模型交叉审稿和日报生成模块接入CTF系统                                             | bb2f6787c9aaa658 | 2026-02-09 07:40:37.789352+08
 116 | 8555612162 | 4637                         |         -1 |       -1 | 哆啦Ai熊修正了两个定时任务的推送机制，改为到点直接推送，确保NBA湖人交易和伊朗航运军事信息能及时收到。CTF情报系统中，playwright已成功安装并生效于项目虚拟环境，后续可安装浏览器runtime支持动态页面抓取。OpenAI和Google Gemini的SDK也已成功安装，版本符合要求，准备将双模型交叉审稿等功能正式接入CTF系统。Hua Liu表示CTF系统要做扎实，未来可扩展为更多                                                    | bb2f6787c9aaa658 | 2026-02-09 07:41:49.184024+08
 240 | 8555612162 | 4637                         |         -1 |       -1 | 用户正在开发一个基于OpenAI接口的长期记忆摘要模块V1，核心功能包括每20轮对话自动生成摘要、优先从摘要中检索信息、严格控制上下文token数不超过2000，以及支持主流程无缝集成。用户提供了最小可用的OpenAI调用示例代码，要求将API key放环境变量中。开发过程中出现了JSON未闭合的报错，助手确认代码已成功保存至指定路径，并强调模块功能和设计保证。用户要求清理BUG，助手随后更新了代                               | bba05db479ec7e6b | 2026-02-09 07:40:37.789352+08
 266 | 8555612162 | 4637                         |         -1 |       -1 | 用户正在开发一个基于OpenAI接口的长期记忆管理模块V1，核心功能包括每20轮对话生成一次摘要，优先从摘要中检索信息，再补充聊天记录，严格控制上下文token数不超过2000。用户已完成代码修改并保存到指定路径，包含检索、拼装上下文和摘要功能。当前遇到JSON字符串未终止的报错，正在排查BUG。助理确认模块功能符合设计要求，并建议用户将代码分享给ChatGPT进行验证。用户希望助理帮忙清理BUG                            | bba05db479ec7e6b | 2026-02-09 07:41:49.184024+08
  75 | 8555612162 | 4637                         |         -1 |       -1 | 用户与哆啦Ai熊合作撰写五代十国历史小说，C05章节已完成并补足字数，结尾明确引出后续情节。C06章节也已完成并存放于指定目录，包含详细史实注释。用户认可历史知识对小说的重要性，要求继续写作，但随后决定暂时暂停小说创作，转而关注NBA交易新闻。用户请求助理设定跟踪NBA交易的重点球队或球员、更新频率及输出格式，以便开始定期推送相关信息。                                                                    | c0aec1ede493ee92 | 2026-02-09 07:40:37.789352+08
  96 | 8555612162 | 4637                         |         -1 |       -1 | 目前五代十国历史小说已完成第五章（C05），字数超过1万，结尾明确衔接北路线索，文件已按统一命名格式保存并更新章节索引。第六章（C06）也已完成，主题围绕“复验之日”，详细描写关津勘合及相关制度，附带10条史实注释，文件已放入章节目录并可见。用户对历史小说中真实历史知识的重视得到确认。小说写作暂时暂停，转而跟踪NBA交易新闻。助理请求用户提供三项跟踪设置：关注球队或球员、更新频率、输出格式，以便开      | c0aec1ede493ee92 | 2026-02-09 07:41:49.184024+08
  47 | 8555612162 | 4637                         |         -1 |       -1 | 用户预算为3000至4000元，想购买14K以上材质、简洁十字架吊坠且不带耶稣像。助理建议优先搜索“18K十字架吊坠750”等关键词，并筛选实拍图多、印记清晰、称重图齐全的商品，避免镀金等假货。用户选择共享闲鱼页面，助理已能访问网页版并筛选出三款候选：一款古董风18K金银叠打吊坠、一款带托帕石的K18WG吊坠和一款18K钻石双色吊坠。助理提示需重点核验印记、称重及证书真实性，并询问用户偏好古董工艺                      | c2c9dcc53b33dd00 | 2026-02-09 07:40:37.789352+08
  63 | 8555612162 | 4637                         |         -1 |       -1 | 用户预算为3000至4000元，想购买14K以上材质、简洁十字架吊坠且不带耶稣像。助理建议在闲鱼按指定关键词搜索，并重点关注实拍图、印记（750/585）和称重图，避免镀金等假货。用户选择共享闲鱼页面，助理已能访问网页版并筛选出三款候选商品，分别为古董风、带宝石款和钻石款，均有价格和证书说明。助理等待用户确认偏好方向，以便提供验货话术和砍价建议。用户要求继续选几款并核实真假。                                | c2c9dcc53b33dd00 | 2026-02-09 07:41:49.184024+08
   4 | hua        | tg_backfill_2026_01_29_02_03 |         -1 |       -1 | Hua Liu与助理讨论了Brave的两种付费选项：Data for Search和Data for AI。助理建议优先选择Data for Search，因为CTF情报中心更依赖稳定且高频的搜索能力来补洞和交叉验证，AI能力助理本身已具备且主要用于总结和润色。Hua Liu确认已是Search最高级会员，助理将基于此设计CTF情报中心的工作流程，重点推进事件归并和事实/流言分栏等里程碑。关于Pe                                                                     | c35cc8dcd1690893 | 2026-02-03 14:31:53.775368+08
  11 | hua        | tg_8555612162_main           |         -1 |       -1 | 聊天中明确了Brave的两种付费选项：Data for Search和Data for AI。优先推荐选择Data for Search，因为CTF情报中心最需要稳定高频的全网搜索能力来补洞和交叉验证，AI能力部分已由助理自身具备，主要用于总结和报告。CTF项目已搭建本地工作台，数据接入展示正常，下一步重点是事件归并和事实/流言分栏。Perplexity Pro用于偶尔人工查证，无需API Key                                                                    | c35cc8dcd1690893 | 2026-02-05 00:20:49.811953+08
 151 | 8555612162 | 4637                         |         -1 |       -1 | 用户Hua Liu确认了哆啦Ai熊关于NBA相关cron任务的改动方案，改为每2小时固定推送一次简短消息，解决了之前因heartbeat文件为空导致推送漏发的问题。哆啦Ai熊已完成修复，下一条NBA推送预计在16:05（上海时间）。此外，用户询问是否可以建立群聊让朋友与哆啦Ai熊交流，得到确认支持，但用户暂时不需要该功能。哆啦Ai熊说明了群聊使用的前提和操作步骤，方便未来使用。                                                    | dd7efcab39756e9e | 2026-02-09 07:40:37.789352+08
 173 | 8555612162 | 4637                         |         -1 |       -1 | Hua Liu确认了哆啦Ai熊关于NBA相关cron任务的改动方案，决定将其改为每2小时固定推送短消息的新模式，以避免漏推送和跳过状态。哆啦Ai熊已完成修复，调整heartbeat文件逻辑，确保NBA提醒正常执行且不干扰CTF主线，下一次推送时间为16:05。Hua Liu询问了群聊功能，了解只要将朋友拉入同一Telegram群并允许bot发言，哆啦Ai熊即可在群内与朋友交流并提供建议，但暂时不需                                                   | dd7efcab39756e9e | 2026-02-09 07:41:49.184024+08
 123 | 8555612162 | 4637                         |         -1 |       -1 | Hua Liu的朋友来自广州制药公司，想了解“做geo”的具体含义，哆啦Ai熊列出了五种可能的geo应用场景，并建议让对方选择最核心的目标以便精准落地。CTF项目已完成本地工作台搭建和数据接入，页面能显示新增和最近记录，后续重点推进事件归并和事实池/流言池功能，目标打造更完善的情报中心。关于Perplexity，Hua Liu是Pro用户，选择偶尔人工查证方式，当前不需要API Key，只需保持登                                        | e0f8b77e04004c51 | 2026-02-09 07:40:37.789352+08
 144 | 8555612162 | 4637                         |         -1 |       -1 | 用户朋友来自广州制药公司，想为产品做“geo”功能，需明确具体目标，包括地图看板、区域投放、合规限制、地址标准化或地理围栏五种选项。CTF项目已完成本地工作台搭建和数据接入，页面可展示新增和记录列表，后续重点推进事件归并和事实池建设，目标打造更完善的情报中心。用户是Perplexity Pro用户，选择偶尔人工查证方式，不需要提供API Key，只需保持登录状态即可使用。                                               | e0f8b77e04004c51 | 2026-02-09 07:41:49.184024+08
  77 | 8555612162 | 4637                         |         -1 |       -1 | 湖人队面临交易截止日（2月5日15:00美东时间）前的关键市场环境。近期两笔已完成交易（De’Andre Hunter被国王、Keon Ellis被骑士）缩小了湖人的潜在目标池。市场主导变量是密尔沃基字母哥（Giannis）的交易动态，影响整体交易节奏和价格。湖人急需补强护框中锋和侧翼防守，当前流言中侧翼防守球员如Naji Marshall、Donte DiVincenzo和Peyton Wats                                                                       | e2eff003f6abfaf0 | 2026-02-09 07:40:37.789352+08
  99 | 8555612162 | 4637                         |         -1 |       -1 | 湖人队在NBA交易截止日前面临较大市场影响，主要因密尔沃基字母哥（Giannis）的交易动向牵动联盟多支球队，导致市场整体观望，卖家不急，角色球员价格普遍偏高。已确认的交易中，湖人潜在目标De’Andre Hunter和Keon Ellis已被他队截胡，缩小了湖人的选择空间。湖人当前急需补强护框中锋和侧翼防守，侧翼防守拼图如Herbert Jones、Trey Murphy III等要价高，较现实                                                       | e2eff003f6abfaf0 | 2026-02-09 07:41:49.184024+08
 248 | 8555612162 | 4637                         |         -1 |       -1 | 哆啦Ai熊核查记忆系统现状，发现数据库尚未完全补齐V1闭环，提议执行迁移脚本补齐三张表及索引。Hua Liu同意后，哆啦Ai熊完成迁移，修复了历史数据重复问题，数据库现有chat_turns、chat_summaries和chat_files三表，代码按GPT建议改进并通过校验。临时文件夹tmp用于草稿，正式代码建议放在/Users/apple/clawd下模块化管理，Hua Liu选择方案A。最                                                                       | e4ea2f76240d54fd | 2026-02-09 07:40:37.789352+08
 270 | 8555612162 | 4637                         |         -1 |       -1 | 哆啦Ai熊完成了记忆系统V1数据库结构的补齐和代码更新，解决了历史数据中turn_index重复的问题，确保数据库三张表（chat_turns、chat_summaries、chat_files）完整且加固索引。代码已按GPT建议优化，文件均暂存于tmp目录。Hua Liu确认采用方案A，将正式代码和迁移脚本搬入/Users/apple/clawd下的模块化目录，并做git提交。当前tmp目录仅作                                                                              | e4ea2f76240d54fd | 2026-02-09 07:41:49.184024+08
 242 | 8555612162 | 4637                         |         -1 |       -1 | 用户成功保存了更新后的V1模块代码，路径为/Users/apple/clawd/tmp/memory_v1_rag_v2.py。该模块实现了自动摘要生成、优先摘要检索、token预算控制等功能。初次运行时遇到代码中Markdown注释导致解析错误，以及CFG未定义的问题。经过多次检查和手动修正，去除了Markdown格式，确保配置正确初始化，修复了所有BUG。当前模块代码已可正常运行。用户请求再次                                                               | e988dc8750a2280f | 2026-02-09 07:40:37.789352+08
 267 | 8555612162 | 4637                         |         -1 |       -1 | 用户成功保存了V1模块代码，路径为/Users/apple/clawd/tmp/memory_v1_rag_v2.py。该模块实现了自动摘要生成、优先摘要检索、token预算控制等功能。代码初次运行时因包含Markdown格式注释和未实例化CFG配置导致错误。经过多次尝试修正，最终去除Markdown格式，正确初始化配置，清理多余代码，解决了BUG。当前模块代码已可正常运行。用户请求再次运行确认无                                                               | e988dc8750a2280f | 2026-02-09 07:41:49.184024+08
 222 | 8555612162 | 4637                         |         -1 |       -1 | 用户在调用最新的 OpenAI API 时遇到接口不兼容错误，经过多次尝试后决定将 OpenAI Python 包降级到0.28版本以保证调用稳定性。降级后成功查询到多个可用模型，包括gpt-4、gpt-3.5-turbo等。当前正在升级记忆系统，目标是实现对话永久存储、支持基于记忆的检索和回答，采用冷记忆、热记忆和摘要记忆分层管理，使用spaCy处理文本并存入PostgreSQL数据库。系统已成                                                        | ec3ae4482ed1bee3 | 2026-02-09 07:40:37.789352+08
 249 | 8555612162 | 4637                         |         -1 |       -1 | 用户在调用OpenAI最新API时多次遇到调用不兼容的错误，经过多次尝试后决定将OpenAI Python包降级到0.28版本以确保API调用稳定。降级后成功查询到可用模型列表，包括gpt-4、gpt-3.5-turbo等。当前正在升级记忆系统，目标是实现对话永久存储、支持检索和基于记忆的回答，采用冷记忆、热记忆和摘要记忆分层管理。系统使用PostgreSQL数据库存储对话，利用spaCy处理文本                                                      | ec3ae4482ed1bee3 | 2026-02-09 07:41:49.184024+08
 194 | 8555612162 | 4637                         |         -1 |       -1 | 用户已成功保存并尝试配置Gemini的API密钥，但在调用API时遇到SSL握手失败导致连接被重置的问题。当前怀疑是网络配置或API端点访问问题，建议检查网络连接、尝试不同网络环境并确认API端点和密钥有效性。用户确认API密钥有效。助理正在运行脚本采集CTF周大福的信息，完成后会及时反馈。此外，提供了近期NBA交易动态的更新，特别关注火箭与独行侠的卡佩拉交易及湖人交易市场的激烈竞争，建议保持灵活                      | ee2a11b2d1378b67 | 2026-02-09 07:40:37.789352+08
 223 | 8555612162 | 4637                         |         -1 |       -1 | 用户已成功保存并确认Gemini的API密钥有效，正在配置和测试该API。测试过程中遇到SSL握手失败导致连接被重置的问题，怀疑是网络配置或API端点访问问题。建议检查网络连接、尝试不同网络环境及确认API端点和密钥权限。用户计划继续排查并重新配置。与此同时，用户关注NBA交易动态，特别是火箭与独行侠围绕卡佩拉的交易讨论及湖人交易市场的激烈竞争，需密切关注后续进展和市场波动。此外，用户正在运行脚本                | ee2a11b2d1378b67 | 2026-02-09 07:41:49.184024+08
 104 | 8555612162 | 4637                         |         -1 |       -1 | 用户计划将家中闲置小主机改造成专用自动化/情报主机，采用Ubuntu Server 24.04 LTS和Docker容器化部署Clawdbot。最终决定小主机只在内网使用，通过Telegram Bot进行远程指令交互，无需公网访问，保障安全。远程管理时可选用Tailscale或WireGuard VPN。安装步骤包括制作启动U盘、安装系统时勾选OpenSSH、安装Docker及docker com                                                                                        | ef4e92beb6e2153c | 2026-02-09 07:40:37.789352+08
 126 | 8555612162 | 4637                         |         -1 |       -1 | 对话中确定了将家中闲置小主机作为专用自动化/情报主机的方案，采用Ubuntu Server 24.04 LTS和Docker容器化部署Clawdbot。小主机将仅在内网使用，通过Telegram Bot实现远程指令和推送，无需公网访问，保障安全。远程管理可选用Tailscale或WireGuard VPN。安装步骤明确，包括制作启动U盘、安装系统时勾选OpenSSH、安装Docker及Clawdb                                                                                    | ef4e92beb6e2153c | 2026-02-09 07:41:49.184024+08
   3 | hua        | tg_backfill_2026_01_29_02_03 |         -1 |       -1 | 双方讨论并确认了CTF情报系统的设计原则，重点是“事实池/流言池”双轨管理和可信度分级，确保信息真实可靠。系统将利用Gemini和ChatGPT作为辅助引擎，负责信息提炼和报告生成，但事实来源必须可复核。Hua Liu已提供API Key，My Work AI建议将Key放入本地.env文件以便调用。Playwright Python包最初未安装成功，后确认已正确安装并生效，后续可用于抓取动态页面                                                           | f1700366bcc09fd1 | 2026-02-03 14:31:53.775368+08
  10 | hua        | tg_8555612162_main           |         -1 |       -1 | 双方讨论并确认了CTF情报系统的设计原则，强调事实池与流言池双轨管理，严格的可信度分级及双模型交叉审稿机制。Hua Liu提供了Gemini和ChatGPT的API Key，My Work AI建议将Key放入本地.env文件以确保安全调用。系统初期先无LLM模式稳定运行，后续再启用双模型交叉审稿和变更检测。Playwright Python包最初未安装成功，后由Hua Liu安装到项目虚拟环境中                                                                  | f1700366bcc09fd1 | 2026-02-05 00:20:49.811953+08
  88 | 8555612162 | 4637                         |         -1 |       -1 | 目前CTF情报系统的基础功能已完成，包括桌面资料夹建立、依赖安装和日报脚本能正常产出，形成“抓取-存储-报告”的闭环。当前主要问题是部分境外来源请求超时，导致手动运行时偶尔卡住，开发者计划通过硬超时和失败跳过机制保证系统稳定，优先确保每天21:00准时出报告，再逐步扩展数据来源，覆盖大陆和香港。NBA湖人交易和伊朗航运军事新闻曾漏推，现已补充并设定NBA每2小时、伊朗每6小时滚动更新，重大变化会即            | f218b02d9d463a78 | 2026-02-09 07:40:37.789352+08
 110 | 8555612162 | 4637                         |         -1 |       -1 | 目前CTF婚嫁金钻情报系统的基础功能已完成，包括桌面文件夹建立、依赖安装、日报脚本能产出报告，形成了“抓取-存储-出报告”的闭环。当前主要问题是部分境外站点请求超时，导致手动运行时偶尔卡住，开发者计划通过设置硬超时和失败跳过机制，确保每天21:00准时出报告，并先用稳定来源跑三天后逐步扩展。系统输出将调整为“新增/变更+判断+建议”，并从明天起每日21:00提供内部版更新。NBA湖人交易和伊朗军事                 | f218b02d9d463a78 | 2026-02-09 07:41:49.184024+08
 100 | 8555612162 | 4637                         |         -1 |       -1 | 哆啦Ai熊确认已开通Google Docs、Drive、Sheets权限，默认只读，写入需明确指示，所有操作留痕可审计。Hua Liu询问Google OAuth测试版是否需每周重新验证，Ai熊解释正常不需每周重验，除非撤销权限或配置变动。Hua Liu反馈n8n平台约一周需重新认证，Ai熊分析可能因n8n未正确保存refresh token或配置问题，建议检查credential配置及scope                                                                                | f35e92d140741ab2 | 2026-02-09 07:40:37.789352+08
 121 | 8555612162 | 4637                         |         -1 |       -1 | 哆啦Ai熊确认已开通Google Docs、Drive、Sheets权限，默认只读，任何写入或外发操作需用户确认，且所有操作留痕可审计。Hua Liu反映在n8n中Google OAuth权限大约一周需重新认证，哆啦Ai熊解释这通常与n8n的OAuth配置有关，建议检查是否获取了离线refresh token及scope是否频繁变动。若需要更稳定方案，可考虑使用服务账号。Hua Liu表示出现问题                                                                         | f35e92d140741ab2 | 2026-02-09 07:41:49.184024+08
(115 rows)

